LecturerID,Name,Address,Email
1,Kerr Trisha,"Gatonby   Drive, 4691",Trisha_Kerr5107@v1wn5.press
2,Silva Mary,"Bagford   Crossroad, 563",Mary_Silva4541@ds59r.zone
3,Butler Barry,"Burton  Alley, 6160",Barry_Butler3819@bu2lo.press
4,Radcliffe Emerald,"Waite  Boulevard, 7135",Emerald_Radcliffe5048@y96lx.works
5,Rust Carl,"Chancellor  Crossroad, 4842",Carl_Rust697@nanoff.shop
6,Bishop Rocco,"Carltoun   Avenue, 3632",Rocco_Bishop2376@ag5wi.website
7,Nash Joseph,"Gavel   Avenue, 3216",Joseph_Nash6459@ds59r.video
8,Ward Logan,"Ellerman   Road, 3322",Logan_Ward7755@cke3u.website
9,Glynn Sarah,"Clissold  Street, 5993",Sarah_Glynn2601@yafr7.net
10,Veale Freya,"Argyle  Drive, 634",Freya_Veale5872@bu2lo.directory
11,Wilson Caleb,"Bendmore  Vale, 1967",Caleb_Wilson1094@evyvh.autos
12,Oldfield Tom,"Gautrey  Boulevard, 3026",Tom_Oldfield7522@c2nyu.info
13,Bryson Sarah,"Garfield Pass, 2888",Sarah_Bryson6566@ds59r.services
14,Atkinson Kate,"Battis   Boulevard, 3919",Kate_Atkinson3465@yahoo.host
15,Whitmore Daniel,"Chamberlain  Way, 1972",Daniel_Whitmore461@urn0m.business
16,Morris Melinda,"Bishop   Rue, 2824",Melinda_Morris8676@jcf8v.ca
17,Avery Luna,"Central  Vale, 5245",Luna_Avery3534@qu9ml.shop
18,Whinter Brooklyn,"Viscount   Vale, 500",Brooklyn_Whinter3636@c2nyu.space
19,Fleming Caleb,"Chamberlain  Alley, 48",Caleb_Fleming3310@gnjps.app
20,Bishop Colleen,"Collent   Lane, 5167",Colleen_Bishop9236@bqkv0.space
21,Lambert Tiffany,"Chalcot  Walk, 5316",Tiffany_Lambert8460@nanoff.catering
22,Lynch Denny,"Thorndike   Rue, 9789",Denny_Lynch3905@d9un8.info
23,Patel Leroy,"Castile  Lane, 2105",Leroy_Patel3739@evyvh.website
24,Salt Karen,"Jackson Way, 4396",Karen_Salt1599@bcfhs.press
25,Warren Belinda,"Chambers  Boulevard, 6051",Belinda_Warren735@iscmr.com
26,Tyrrell Alessandra,"Dunsley  Boulevard, 3005",Alessandra_Tyrrell3321@lhp4j.info
27,Wild Iris,"Coalecroft  Road, 7976",Iris_Wild3985@nanoff.tech
28,Gosling Caleb,"Ensign   Tunnel, 7270",Caleb_Gosling1547@cdpfn.tech
29,Morgan Natalie,"Chatfield  Grove, 6061",Natalie_Morgan4282@nb44i.design
30,Thorpe Nick,"Victorian  Alley, 6512",Nick_Thorpe2165@chkzl.us
31,Ulyatt Josh,"Dutton   Way, 7987",Josh_Ulyatt9029@uagvw.tech
32,Reyes Adina,"Fair Crossroad, 2260",Adina_Reyes6126@bcfhs.digital
33,Roberts Domenic,"King Edward  Drive, 4391",Domenic_Roberts7080@chkzl.info
34,Overson Kaylee,"Blandford  Rue, 7608",Kaylee_Overson6239@yahoo.club
35,Hill Denny,"Anns  Pass, 4167",Denny_Hill9223@voylg.tech
36,Curtis Mona,"Belmont Park Drive, 1056",Mona_Curtis6160@avn7d.edu
37,Garner Josh,"Colombo   Boulevard, 634",Josh_Garner6000@c2nyu.mobi
38,Penn Maxwell,"Bennett  Lane, 6102",Maxwell_Penn9770@lyvnc.audio
39,Adler Leroy,"Wake  Route, 8074",Leroy_Adler7529@v1wn5.info
40,Walsh Jack,"Elgood   Tunnel, 5204",Jack_Walsh2353@1kmd3.zone
41,Wheeler Ronald,"Arthur  Walk, 777",Ronald_Wheeler7948@1wa8o.com
42,Mason Phoebe,"Pine Tunnel, 1830",Phoebe_Mason4612@gnjps.media
43,Heaton Cherish,"Lexington Rue, 720",Cherish_Heaton8552@zynuu.net
44,Vernon Carl,"Erindale Way, 9960",Carl_Vernon8998@bu2lo.solutions
45,Gibson Bree,"Blean   Street, 6312",Bree_Gibson193@yahoo.audio
46,Jarrett Mandy,"Virginia Drive, 3267",Mandy_Jarrett59@bcfhs.info
47,Morrow Ron,"Bective  Grove, 9506",Ron_Morrow4142@ckzyi.site
48,Mitchell Anthony,"Jackson Lane, 6434",Anthony_Mitchell7367@jcf8v.edu
49,Lewis Jacqueline,"Lexington Alley, 4304",Jacqueline_Lewis4134@uagvw.org
50,Strong Matthew,"Black Swan  Rue, 6717",Matthew_Strong7963@crzq7.pro
51,Ramsey Stella,"Beaconsfield  Pass, 5812",Stella_Ramsey5671@3wbkp.solutions
52,Brown Gabriel,"Egerton  Avenue, 1457",Gabriel_Brown7931@ptr6k.org
53,Quinton Barry,"Chartham  Avenue, 3759",Barry_Quinton682@nmz0p.net
54,Radcliffe Chester,"Babmaes    Way, 5815",Chester_Radcliffe3059@yfxpw.website
55,Hunter Bryon,"Callcott   Drive, 7056",Bryon_Hunter9901@bqkv0.net
56,Gordon Havana,"Caroline  Road, 2983",Havana_Gordon8079@cdpfn.works
57,Butler Ethan,"Ampton  Crossroad, 2689",Ethan_Butler9122@v1wn5.property
58,Sanchez Enoch,"Queen Caroline   Walk, 5523",Enoch_Sanchez183@yafr7.audio
59,Vane Barney,"Cavendish Tunnel, 8127",Barney_Vane7072@yafr7.net
60,Garcia Manuel,"South Avenue, 4865",Manuel_Garcia2877@avn7d.center
61,Cassidy Holly,"Bolingbroke  Road, 7058",Holly_Cassidy2144@bqkv0.works
62,Woodley Estrella,"Thomas Doyle   Hill, 7794",Estrella_Woodley6396@ag5wi.center
63,Cadman Josephine,"Coleman  Lane, 6440",Josephine_Cadman6025@c2nyu.media
64,Hobbs Melania,"Babmaes    Vale, 6057",Melania_Hobbs1257@ohqqh.club
65,Dillon Ron,"West Boulevard, 5475",Ron_Dillon5203@jcf8v.software
66,Gavin Cherish,"Carltoun   Street, 1942",Cherish_Gavin730@qu9ml.page
67,Mason Barney,"Birkbeck  Grove, 3716",Barney_Mason1889@d9un8.store
68,Irving Elisabeth,"Camelot   Pass, 5116",Elisabeth_Irving5313@zynuu.press
69,Moore Janice,"Thrale   Crossroad, 730",Janice_Moore8355@bcfhs.works
70,Cameron Barry,"Cave   Street, 717",Barry_Cameron286@lhp4j.ca
71,Fenton Wendy,"Underwood  Street, 7148",Wendy_Fenton2777@voylg.info
72,Goldsmith Benjamin,"Cadogan  Hill, 3824",Benjamin_Goldsmith3694@crzq7.works
73,Robinson Matthew,"Heritage Route, 4961",Matthew_Robinson777@jcf8v.digital
74,Varley Lorraine,"Sheffield Route, 7622",Lorraine_Varley366@ptr6k.club
75,Kaur Liliana,"Caroline  Grove, 6716",Liliana_Kaur8760@ag5wi.meet
76,Parker Ronald,"Chart   Route, 8755",Ronald_Parker7945@dbxli.page
77,Lyon Wade,"Victoria Rise Street, 3777",Wade_Lyon6841@yafr7.autos
78,Brown Gladys,"Bigland  Way, 1705",Gladys_Brown1497@chkzl.space
79,Lane Tom,"Pine Vale, 982",Tom_Lane7300@hepmv.us
80,Donovan Wade,"Bayberry Route, 6370",Wade_Donovan1837@mpibr.club
81,White Elijah,"Canon Lane, 2333",Elijah_White1040@qu9ml.org
82,Pond Carl,"Woodland Rue, 8432",Carl_Pond9713@cdpfn.us
83,Snell Aleksandra,"Blackheath  Pass, 8161",Aleksandra_Snell2847@c2nyu.name
84,Hale Ronald,"Linden Rue, 2914",Ronald_Hale9237@dvqq2.info
85,Kaur Cristal,"Buttonwood Drive, 653",Cristal_Kaur2119@dbxli.website
86,Larsen Caleb,"Durnford  Hill, 2509",Caleb_Larsen5442@y96lx.net
87,Boyle Ryan,"Chalcot  Drive, 2554",Ryan_Boyle2233@dbxli.software
88,Veale Kendra,"Chart   Lane, 5408",Kendra_Veale6474@ag5wi.tech
89,Foxley Carol,"Ben   Lane, 9958",Carol_Foxley2065@mpibr.ca
90,Alcroft Fred,"Commercial  Way, 1307",Fred_Alcroft6301@c2nyu.store
91,Plumb Chris,"Blake  Avenue, 2133",Chris_Plumb2548@crzq7.business
92,Lyon Jayden,"King Pass, 2825",Jayden_Lyon5533@cke3u.mobi
93,Tobin Anthony,"Dyott   Street, 6303",Anthony_Tobin7935@p5emz.software
94,Rodwell Doris,"King Street, 2462",Doris_Rodwell2704@yvu30.business
95,Wilcox Mona,"Norland  Rue, 5851",Mona_Wilcox217@urn0m.info
96,Roberts Peyton,"Elgood   Street, 4139",Peyton_Roberts5005@ds59r.pro
97,Farmer Lucy,"Spruce Pass, 7457",Lucy_Farmer4168@voylg.info
98,Morris Carter,"Howard Pass, 7062",Carter_Morris3220@crzq7.video
99,Malone Carol,"Meadow Hill, 4649",Carol_Malone4420@bu2lo.store
100,Newman Daniel,"Commercial  Avenue, 5605",Daniel_Newman9241@yfxpw.directory
101,Avery Britney,"Castlereagh   Road, 5056",Britney_Avery3749@yafr7.info

