LecturerID,FirstName,LastName,Address,Email
1,Nick,Lane,"Cavell   Street, 6653",Nick_Lane678@ohqqh.biz
2,Luke,Allington,"Clarges   Pass, 3938",Luke_Allington7449@urn0m.app
3,Julius,Attwood,"Chestnut  Way, 2012",Julius_Attwood4495@cdpfn.com
4,Cedrick,Griffiths,"Betton  Route, 752",Cedrick_Griffiths2895@lyvnc.catering
5,Jayden,Kennedy,"Mariner  Avenue, 2045",Jayden_Kennedy4380@cke3u.autos
6,Mason,Rigg,"Rail Pass, 6420",Mason_Rigg8689@ag5wi.info
7,William,Harper,"Belfort  Way, 579",William_Harper8883@dbxli.biz
8,Daron,Power,"Maple Walk, 9632",Daron_Power4692@nmz0p.solutions
9,Wade,Mason,"Clarges   Rue, 4472",Wade_Mason6512@ag5wi.ca
10,Rufus,Murphy,"Maple Crossroad, 894",Rufus_Murphy8590@6ijur.meet
11,Benny,Appleton,"Bingham   Walk, 7435",Benny_Appleton372@gkvds.space
12,Javier,Chapman,"Woodland Boulevard, 2422",Javier_Chapman2024@iaart.digital
13,Abdul,Stewart,"Charnwood   Road, 3317",Abdul_Stewart5964@1kmd3.store
14,Bob,Hopkinson,"North Vale, 3296",Bob_Hopkinson1949@ptr6k.catering
15,Julian,Zaoui,"Colombo   Road, 7780",Julian_Zaoui5603@voylg.website
16,Marvin,Redwood,"Eldon  Walk, 3893",Marvin_Redwood442@zynuu.tech
17,Julian,Marshall,"King Edward  Alley, 8571",Julian_Marshall4908@yvu30.video
18,Clint,Moore,"Bellenden  Way, 9735",Clint_Moore3118@xqj6f.auction
19,Logan,Roscoe,"Clifton  Walk, 8655",Logan_Roscoe2077@evyvh.meet
20,David,Selby,"Birkin   Lane, 3130",David_Selby6434@1wa8o.audio
21,Chad,Lakey,"Dunton  Drive, 134",Chad_Lakey4140@cdpfn.audio
22,Gabriel,Mccormick,"Westbourne Way, 3722",Gabriel_Mccormick6508@6ijur.club
23,Alexander,Mann,"Unwin  Vale, 676",Alexander_Mann932@kyb7t.catering
24,Chadwick,Russell,"Calderwood   Lane, 8594",Chadwick_Russell3305@1kmd3.directory
25,Ramon,Olivier,"Spruce Vale, 6890",Ramon_Olivier2230@xtwt3.directory
26,Noah,Rogers,"Apothecary   Grove, 4690",Noah_Rogers685@fhuux.host
27,Fred,Anderson,"Castle Avenue, 5541",Fred_Anderson1024@1wa8o.meet
28,Lucas,Carter,"Abourne   Crossroad, 6737",Lucas_Carter3887@y96lx.ca
29,Alan,Sylvester,"Chestnut Rise Grove, 228",Alan_Sylvester785@zynuu.property
30,Brad,Wilkinson,"Berriman  Way, 2180",Brad_Wilkinson9192@ckzyi.info
31,Caleb,Connell,"Carltoun   Way, 3741",Caleb_Connell9316@voylg.tech
32,Rick,Bell,"Howard Drive, 8602",Rick_Bell9962@6ijur.ca
33,Clint,Newton,"Zealand Avenue, 6734",Clint_Newton617@bqkv0.edu
34,Carter,Moran,"Adderley   Pass, 2595",Carter_Moran4652@urn0m.digital
35,Bob,Myatt,"Underwood  Tunnel, 2798",Bob_Myatt3211@cke3u.info
36,George,Whittle,"Elf  Vale, 1800",George_Whittle7604@c2nyu.design
37,Chadwick,Rodgers,"Fairbairn  Road, 9132",Chadwick_Rodgers8485@cdpfn.club
38,Doug,Sheldon,"Carol   Route, 2528",Doug_Sheldon8324@evyvh.catering
39,Anthony,Bullock,"Wake  Drive, 2860",Anthony_Bullock4508@bu2lo.app
40,Danny,Gallacher,"Hammersmith  Vale, 695",Danny_Gallacher1771@nanoff.shop
41,Maxwell,Freeburn,"Glenwood Grove, 1576",Maxwell_Freeburn343@ptr6k.club
42,Phillip,Driscoll,"Dunsley  Tunnel, 1265",Phillip_Driscoll2559@1kmd3.tech
43,Doug,Ashwell,"Hampden  Boulevard, 3980",Doug_Ashwell7684@ckzyi.center
44,Denny,Sloan,"Bush  Way, 8555",Denny_Sloan8987@zynuu.software
45,Tony,Robertson,"Bolingbroke  Drive, 5916",Tony_Robertson465@xtwt3.business
46,Elijah,Long,"Erindale Boulevard, 2219",Elijah_Long3698@mpibr.autos
47,Leroy,Thomson,"Chestnut  Lane, 8471",Leroy_Thomson7317@d9un8.digital
48,Caleb,Gates,"Calshot   Vale, 4282",Caleb_Gates3187@jh02o.com
49,Mike,Moore,"Fairbairn  Rue, 2390",Mike_Moore4312@jcf8v.online
50,Enoch,Hastings,"Bacon  Grove, 2928",Enoch_Hastings3029@gnjps.page
51,Mark,Pitt,"Mariner  Boulevard, 3585",Mark_Pitt5636@ds59r.website
52,Benjamin,Lloyd,"Canon Route, 4801",Benjamin_Lloyd4425@voylg.edu
53,Chester,Hopkins,"Dunton  Rue, 1245",Chester_Hopkins4466@p5emz.software
54,Erick,Webster,"Fawn Road, 1937",Erick_Webster8453@3wbkp.autos
55,Michael,Hopkinson,"Cardinal Tunnel, 631",Michael_Hopkinson6472@nanoff.biz
56,Chuck,Simmons,"St. Johs  Vale, 2734",Chuck_Simmons7609@dbxli.com
57,Chadwick,Hancock,"Lexington Street, 5888",Chadwick_Hancock5413@nb44i.press
58,Hank,Varley,"Wadham  Vale, 37",Hank_Varley9234@karnv.mobi
59,Liam,Camden,"Bolton  Drive, 1828",Liam_Camden9444@cdpfn.com
60,Russel,Lakey,"Fairbairn  Drive, 2587",Russel_Lakey4093@jcf8v.directory
61,Aiden,Pratt,"Mariner   Vale, 6765",Aiden_Pratt2328@cdpfn.pro
62,Chad,Casey,"Marischal  Way, 2949",Chad_Casey6430@fhuux.space
63,Bob,Fulton,"Ayres   Vale, 883",Bob_Fulton8123@dvqq2.us
64,Fred,Norman,"Virgil   Avenue, 3508",Fred_Norman184@bcfhs.video
65,Barry,Stone,"Central  Tunnel, 8228",Barry_Stone8606@ptr6k.net
66,Ramon,Ingram,"Duthie   Vale, 3037",Ramon_Ingram3653@y96lx.works
67,Bob,Murray,"Blenkarne  Road, 9772",Bob_Murray5670@uagvw.center
68,Alan,Mackenzie,"Chester  Route, 6522",Alan_Mackenzie9186@3wbkp.ca
69,Benjamin,Morrow,"Bekesbourne   Hill, 7698",Benjamin_Morrow4138@zynuu.app
70,Denis,Nash,"Queen Drive, 9302",Denis_Nash711@6ijur.solutions
71,Tyler,Yard,"Cheney  Rue, 2147",Tyler_Yard4056@p5emz.website
72,Caleb,Bradley,"Elizabeth  Grove, 8127",Caleb_Bradley8383@yafr7.catering
73,Ramon,Beal,"Carlton  Crossroad, 2115",Ramon_Beal8237@ag5wi.info
74,Alan,Oldfield,"Heritage Route, 9495",Alan_Oldfield2113@gkvds.works
75,Denny,Wilkinson,"Birkin   Street, 8260",Denny_Wilkinson6374@urn0m.pro
76,David,Gordon,"Calverley  Road, 7494",David_Gordon186@ohqqh.ca
77,Jack,Booth,"Empress  Drive, 3848",Jack_Booth137@y96lx.media
78,Phillip,Tailor,"Cobden  Drive, 5288",Phillip_Tailor5178@chkzl.org
79,Eduardo,Pond,"Carpenter Drive, 1176",Eduardo_Pond8924@yahoo.info
80,Carl,Shaw,"Rosewood Road, 3115",Carl_Shaw4889@p5emz.ca
81,Nate,Bentley,"Blomfield  Road, 6401",Nate_Bentley3245@dbxli.site
82,Daniel,Vass,"Blackall   Street, 5157",Daniel_Vass8778@ohqqh.website
83,Johnny,Patel,"Sherlock   Alley, 6923",Johnny_Patel1996@yafr7.center
84,Chadwick,Jeffery,"Caslon   Vale, 2264",Chadwick_Jeffery642@6ijur.info
85,Nathan,Needham,"Wakley   Walk, 1876",Nathan_Needham591@urn0m.shop
86,Cedrick,Warren,"Emden   Way, 9618",Cedrick_Warren1784@zynuu.center
87,Chuck,Emmott,"Linda   Route, 8223",Chuck_Emmott2173@evyvh.online
88,Denny,Stewart,"Eldon  Walk, 7814",Denny_Stewart3237@hepmv.net
89,Aiden,Moreno,"Linden Road, 3489",Aiden_Moreno3469@dvqq2.pro
90,Phillip,Baldwin,"Beatty  Rue, 3251",Phillip_Baldwin8146@qu9ml.ca
91,Abdul,Benson,"Birkin   Drive, 8169",Abdul_Benson7959@bu2lo.shop
92,Tony,Pierce,"Chicksand  Boulevard, 2207",Tony_Pierce2809@gnjps.pro
93,Julius,Kelly,"Caxton  Route, 2224",Julius_Kelly4937@fhuux.shop
94,Abdul,Graham,"Monroe Alley, 7374",Abdul_Graham3119@hepmv.audio
95,Hank,Garner,"Sundown Avenue, 4128",Hank_Garner9893@dbxli.name
96,Luke,Talbot,"Birkenhead   Route, 7172",Luke_Talbot9953@1kmd3.online
97,Chuck,Antcliff,"Bicknell  Hill, 2527",Chuck_Antcliff4745@dvqq2.org
98,Marvin,Watson,"Longmoore   Walk, 9226",Marvin_Watson5732@ckzyi.auction
99,Barry,Crawford,"Lexington Drive, 5973",Barry_Crawford2122@v1wn5.works
100,Tony,Gavin,"Bond Grove, 1826",Tony_Gavin3345@1wa8o.solutions